origin,dest
ABE, ATL BNA CLT DTW EWR FLL MDT MYR ORD PGD PHL PIE SAV SFB
ABI, DFW GRK
ABQ, ATL AUS BWI CLT DAL DEN DFW HOU IAH JFK LAS LAX MCI MCO MDW MSP OAK ORD PDX PHX SAF SAN SAT SEA SFO SJC SLC SNA
ABR, MSP
ABY, ATL
ACK, BOS CLT DCA HPN JFK LGA
ACT, DEN DFW
ACV, DEN LAX SFO
ACY, ATL BOS DTW FLL MCO MSY MYR ORD PBI RSW TPA
ADK, ANC
ADQ, ANC
AEX, ATL DFW IAH
AGS, ATL CLT DCA DFW LGA MIA ORD PHL
AKN, ANC
ALB, ATL BTV BWI CLT DCA DEN DTW EWR FLL IAD LAS MCO MDW MHT MSP MYR ORD PGD PHL PIE RDU RSW SAV SFB TPA
ALO, ORD
AMA, DAL DEN DFW HOU IAH LAS PHX
ANC, ADK ADQ AKN ATL BET BLI BRW CDV DEN DFW DLG EWR FAI GEG HNL IAH JNU KOA LAS LAX LGB MSP OGG OME ORD OTZ PDX PHX SCC SEA SFO SLC
APN, DTW MBS PLN
ART, PHL
ASE, ATL DEN DFW IAH LAX MSP ORD PHX SFO SLC
ATL, ABE ABQ ABY ACY AEX AGS ALB ANC ASE ATW AUS AVL AVP AZO BDL BHM BMI BNA BOS BQK BTR BTV BUF BUR BWI BZN CAE CAK CHA CHO CHS CID CLE CLT CMH COS CRW CSG CVG DAB DAL DAY DCA DEN DFW DHN DSM DTW ECP EGE ELM ELP EVV EWN EWR EYW FAR FAY FCA FLL FNT FSD FSM FWA GJT GNV GPT GRB GRK GRR GSO GSP GTR HDN HHH HNL HOU HPN HSV IAD IAH ICT ILM IND ISP JAC JAN JAX JFK LAN LAS LAX LEX LFT LGA LIT LNK MBS MCI MCO MDT MDW MEM MGM MHT MIA MKE MLB MLI MLU MOB MSN MSO MSP MSY MTJ MYR OAJ OAK OKC OMA ONT ORD ORF PBI PDX PHF PHL PHX PIA PIT PNS PSP PVD PWM RAP RDU RIC RNO ROA ROC RST RSW SAN SAT SAV SBN SCE SDF SEA SFO SGF SHV SJC SJU SLC SMF SNA SRQ STL STT STX SYR TLH TPA TRI TTN TUL TUS TVC TYS VLD VPS XNA
ATW, ATL AZA DTW LAS MSP ORD PGD PIE SFB
ATY, DEN ORD PIR
AUS, ABQ ATL BNA BOS BTR BUF BWI CHS CLE CLT CMH CVG DAL DCA DEN DFW DTW ECP ELP EWR FLL HOU HRL IAD IAH IND JAX JFK LAS LAX LBB LCK LGB MCI MCO MDW MEM MIA MKE MSP MSY OAK OMA ONT ORD PDX PHL PHX PIE PIT PNS PVD RDU RNO SAN SDF SEA SFB SFO SJC SLC SMF SNA STL TPA VPS
AVL, ATL BWI CLT DEN DFW DTW EWR FLL IAD LGA MCO ORD PBI PGD PHL PIE SFB SRQ TPA
AVP, ATL CLT DTW EWR IAD LGA ORD PHL PIE SFB
AZA, ATW BIL BIS BLI BLV BOI BZN CID CVG DSM EUG FAR FCA FSD FWA GFK GJT GRI GRR GTF ICT IDA IND LAS MCI MEM MFE MFR MKE MLI MOT MSO OAK OGD OMA PIA PIE PSC PVU RAP RDM RFD SBN SCK SDF SGF SGU STC TVC XNA
AZO, ATL DTW MSP ORD
BDL, ATL BWI CLE CLT CVG DCA DEN DFW DTW EWR FLL IAD IAH LAS LAX MCO MDW MIA MSP MYR ORD PBI PHL PVD RDU RSW SFO SJU STL TPA
BET, ANC
BFF, COS DEN
BFL, DEN DFW IAH PHX SFO
BFM, DEN ORD
BGM, DTW
BGR, CLT DCA DTW EWR JFK LGA ORD PHL PIE SFB
BHM, ATL BWI CAE CLL CLT DAL DCA DEN DFW DTW FLL HOU IAH LAS LGA MCO MDW MIA ORD PGD PHL PHX SFO SJC TPA
BIL, AZA COD DEN DFW LAS LAX MSP ORD PDX SEA SLC
BIS, AZA DEN DFW DVL GFK LAS MOT MSP ORD SFB
BJI, MSP
BKG, DEN DFW ORD
BLI, ANC AZA DEN HNL KOA LAS LAX OAK OGG PDX PSP SAN SEA TUS
BLV, AZA FLL JAX LAS MYR PGD PIE SFB SRQ VPS
BMI, ATL DEN DFW DTW MCO MSP ORD PIE SFB
BNA, ABE ATL AUS BHM BOS BUF BUR BWI CHS CID CLE CLT CMH CVG DAL DCA DEN DFW DTW ECP EWR FLL GRR HOU IAD IAH JAX JFK LAS LAX LGA MCI MCO MDT MDW MHK MIA MKE MOB MSN MSP MSY MYR OAK OKC OMA ORD ORF PGD PHL PHX PIE PIT PNS RDU RIC RSW SAN SAT SAV SEA SFB SFO SJC SLC SMF SRQ STL SYR TPA TTN VPS XNA
BOI, AZA DAL DEN DFW EUG GEG IAH LAS LAX LWS MDW MSP OAK ORD PDX PHX SAN SEA SFO SJC SLC SMF SUN TWF
BOS, ACK ACY ATL AUS BNA BUF BUR BWI CAK CHS CLE CLT CMH CVG DAL DCA DEN DFW DTW EWR FLL GSP HDN HNL HOU IAD IAH IND JAX JFK LAS LAX LGA LGB MCI MCO MDW MIA MKE MSN MSP MSY MVY MYR OAK ORD ORF PBI PDX PHL PHX PIT PSP RDU RIC ROC RSW SAN SAV SBN SDF SEA SFO SJC SJU SLC SMF SRQ STL STT SYR TPA
BPT, DFW
BQK, ATL
BQN, EWR FLL JFK MCO
BRD, DLH INL MSP
BRO, DEN DFW IAH ORD
BRW, ANC FAI SCC
BTM, SLC
BTR, ATL AUS CLT DCA DFW IAH JAN
BTV, ATL CLT DCA DEN DTW EWR IAD JFK LGA MCO ORD PHL
BUF, ATL AUS BNA BOS BWI CLT DCA DEN DFW DTW EWR FLL IAD JAX JFK LAS LAX LGA MCO MDW MIA MSP ORD PHL PHX RDU RSW TPA
BUR, ATL BNA BOS DAL DEN DFW HOU JFK LAS MDW OAK PDX PHX SEA SFO SJC SLC SMF
BWI, ABQ ALB ATL AUS AVL BDL BHM BNA BOS BUF CHS CLE CLT CMH CVG DAL DAY DEN DFW DTW ECP EWR FLL FNT GRR GSP HOU IAH IND ISP JAX JFK LAS LAX LIT MCI MCO MDW MEM MHT MIA MKE MSP MSY MYR OAK OKC ORD ORF PBI PDX PHL PHX PIT PVD PWM RDU ROC RSW SAN SAT SAV SDF SEA SFO SJC SJU SLC SMF SRQ STL TPA TUL TYS VPS
BZN, ATL AZA DEN DFW DTW EWR IAH LAS LAX LGA LGB MSP ORD PDX SEA SFO SLC
CAE, ATL BHM CLT DCA DFW IAD IAH LGA MIA ORD PHL
CAK, ATL BOS CLT DCA DEN DTW EWR FLL IAH LAS LGA MCO MYR ORD PHL RSW TPA TYS
CDC, SLC
CDV, ANC YAK
CEC, SFO
CGI, ORD PAH UIN
CHA, ATL CLT DCA DFW DTW EWR IAD LGA MSP ORD PHL PIE SFB
CHO, ATL CLT LGA ORD
CHS, ABE ATL AUS BNA BOS BWI CLE CLT CVG DAL DCA DEN DFW DTW EWR FLL HOU IAD IAH IND JFK LCK LGA MDW MIA MSP OKC ORD PGD PHL PIT SEA STL TTN
CID, ATL AZA BNA CLT DEN DFW DTW LAS LAX MCO MLI MSP ORD PGD PHX PIE SCE SFB
CIU, DTW MSP PLN
CKB, AVL IAD MYR ORD SFB
CLD, LAX
CLE, ABE APN ATL AUS BDL BNA BOS BWI CAK CHS CLT CRW DAL DCA DEN DFW DTW ERI EWR FLL IAD IAH ISP JAX JFK LAS LAX LGA MCO MDW MIA MKE MSN MSP MSY MYR ORD ORF PBI PDX PGD PHL PHX PIE RDU RSW SAN SAT SAV SCE SEA SFB SFO SJU SLC SRQ STL TPA VPS
CLL, BHM DFW IAH
CLT, ABE ABQ ACK AGS ALB ATL AUS AVL AVP BDL BGR BHM BNA BOS BTR BTV BUF BWI CAE CAK CHA CHO CHS CID CLE CMH CMI CRW CVG DAB DAL DAY DCA DEN DFW DSM DTW ECP EVV EWN EWR EYW FAY FLL FLO FNT FWA GNV GPT GRR GSO GSP HHH HOU HPN HSV HTS HVN IAD IAH ILM IND ITH JAN JAX JFK LAS LAX LEX LGA LIT LYH MCI MCO MDT MDW MEM MGM MHT MIA MKE MLB MOB MSN MSP MSY MTJ MYR OAJ OAK OKC OMA ORD ORF PBI PDX PGV PHF PHL PHX PIA PIT PNS PVD PWM RAP RDU RIC ROA ROC RSW SAN SAT SAV SBN SDF SEA SFO SGF SHV SJC SJU SLC SMF SRQ STL STT STX SYR TLH TOL TPA TRI TTN TUL TUS TVC TYS VPS XNA
CMH, ATL AUS BNA BOS BWI CLT CRW DAL DCA DEN DFW DTW EWR FLL HOU IAD IAH JFK LAS LAX LGA LNK MCO MDW MIA MSN MSP MSY MYR OAK OKC ORD PBI PHL PHX RDU RSW SAT SEA SFO SLC STL TPA
CMI, CLT DFW ORD
CMX, ORD
CNY, DEN SLC
COD, DEN ORD SLC
COS, ATL DEN DFW IAD IAH LAS LAX MCO MSP ORD PHX RSW SAN SAT SEA SFO SLC TPA
COU, DEN DFW ORD
CPR, COD DEN LAS RAP SLC
CRP, ATL BRO DAL DFW HOU HRL IAH
CRW, ATL CLT DCA DFW DTW IAH MYR ORD PHL
CSG, ATL
CVG, ATL AUS AZA BDL BNA BOS BWI CHS CLE CLT CMH DCA DEN DFW DTW EWR FLL FWA GRR IAD IAH JAX JFK LAS LAX LGA MCI MCO MDW MEM MIA MKE MSN MSP MSY MYR ORD ORF PBI PGD PHL PHX PIE PIT PVD RDU RIC RSW SAN SAT SAV SEA SFB SFO SJC SJU SLC SRQ STL TPA TTN VPS XNA
CWA, ATW CMX DTW MSP ORD
CYS, DFW
DAB, ATL CLT JFK LGA
DAL, ABQ AMA ATL AUS BHM BNA BOI BOS BUR BWI CHS CLE CLT CMH CRP DCA DEN DTW ECP ELP FLL GSP HOU HRL IAH ICT IND JAX LAS LAX LBB LGA LIT MAF MCI MCO MDW MEM MKE MSP MSY OAK OKC OMA ONT PBI PDX PHL PHX PIT PNS RDU RNO RSW SAN SAT SDF SEA SFO SJC SLC SMF SNA STL TPA TUL TUS
DAY, ATL BWI CLT DCA DEN DFW DTW EWR IAD IAH LGA MCO MDW MSP MYR ORD PGD PHL PIE SFB TPA
DBQ, ORD
DCA, ACK AGS ALB ATL AUS BDL BGR BHM BNA BOS BTR BTV BUF CAE CAK CHA CHS CLE CLT CMH CRW CVG DAL DAY DEN DFW DSM DTW EWR EYW FLL GRR GSO GSP HHH HOU HPN HSV IAH ILM IND JAN JAX JFK LAN LAS LAX LEX LGA LIT MCI MCO MDW MEM MGM MHT MIA MKE MLB MSN MSP MSY MVY MYR OKC OMA ORD ORF PBI PDX PHL PHX PIT PNS PVD PWM RDU ROC RSW SAV SBN SDF SEA SFO SJU SLC SRQ STL SYR TLH TPA TYS VPS XNA
DEN, ABQ ACT ACV ALB AMA ANC ASE ATL ATY AUS AVL BDL BFF BFL BFM BHM BIL BIS BKG BLI BMI BNA BOI BOS BRO BTV BUF BUR BWI BZN CAK CHS CID CLE CLT CMH CNY COD COS COU CPR CVG DAL DAY DCA DFW DIK DRO DSM DTW DVL EAR ECP EGE ELP EUG EWR FAI FAR FAT FCA FLL FSD GCC GEG GJT GRB GRR GSO GSP GTF GUC HDN HLN HNL HOB HOU HRL HSV HYS IAD IAH ICT IDA IND ISN JAC JAN JAX JFK JMS KOA LAR LAS LAX LBB LBF LBL LFT LGA LGB LIH LIT LNK MAF MCI MCO MDT MDW MEM MFR MIA MKE MLI MMH MOT MRY MSN MSO MSP MSY MTJ MYR OAK OGG OKC OMA ONT ORD ORF OTH PAE PBI PDX PHF PHL PHX PIA PIR PIT PNS PRC PSC PSP PUB PVD PWM RAP RDM RDU RIC RKS RNO RSW SAF SAN SAT SAV SBA SBP SDF SEA SFO SGF SGU SHV SJC SLC SMF SNA SRQ STL STS SUN SYR TPA TUL TUS TVC TYR TYS VEL VPS XNA XWA
DFW, ABI ABQ ACT AEX AGS AMA ANC ASE ATL AUS AVL BDL BFL BHM BIL BIS BKG BMI BNA BOI BOS BPT BRO BTR BUF BUR BWI BZN CAE CHA CHS CID CLE CLL CLT CMH CMI COS COU CRP CRW CVG CYS DAY DCA DEN DRO DRT DSM DTW ECP EGE ELP EUG EVV EWR EYW FAR FAT FCA FLG FLL FSD FSM FWA GCK GEG GGG GJT GNV GPT GRI GRK GRR GSO GSP GUC HDN HNL HOU HRL HSV IAD IAH ICT ILM IND JAC JAN JAX JFK JLN KOA LAS LAW LAX LBB LCH LEX LFT LGA LIH LIT LRD MAF MCI MCO MDT MEI MEM MFE MGM MHK MIA MKE MLI MLU MOB MRY MSN MSO MSP MSY MTJ MYR OAK OGG OKC OMA ONT ORD ORF PBI PDX PHL PHX PIA PIB PIT PNS PSP RAP RDU RIC RNO ROW RSW SAF SAN SAT SAV SBA SBN SBP SDF SEA SFO SGF SGU SHV SJC SJT SJU SLC SMF SNA SPI SPS SRQ STL STS STT SUX SWO TLH TPA TRI TUL TUS TVC TXK TYR TYS VPS XNA YUM
DHN, ATL
DIK, DEN MSP
DLG, ANC
DLH, MSP ORD
DRO, DEN DFW IAH LAX ORD PHX
DRT, DFW
DSM, ATL AZA CID CLT DCA DEN DFW DTW EWR IAH LAS LAX LGA LIT MCO MDW MSP OKC ORD PGD PHL PHX PIA PIE SFB SFO SLC SRQ STL VPS
DTW, ABE ACY ALB APN ATL ATW AUS AVL AVP AZO BDL BGM BGR BHM BMI BNA BOS BTV BUF BWI BZN CAK CHA CHS CID CIU CLE CLT CMH CRW CVG CWA DAL DAY DCA DEN DFW DSM ELM ERI ESC EVV EWR FLL FWA GRB GRR GSO GSP HNL HPN HSV IAD IAH ILM IMT IND ISP ITH JAX JFK LAN LAS LAX LEX LGA LIT LSE MBS MCI MCO MDT MDW MEM MHT MIA MKE MLI MQT MSN MSP MSY MYR OAK OKC OMA ORD ORF ORH PBI PDX PHL PHX PIA PIT PLN PVD PWM RDU RIC ROC RST RSW SAN SAT SAV SBN SCE SDF SEA SFO SJC SJU SLC SMF SNA SRQ STL SWF SYR TPA TTN TUL TUS TVC TYS
DVL, DEN JMS
EAR, DEN ORD
EAU, ORD
ECP, ATL AUS BNA BWI CLT DAL DEN DFW HOU IAH MCI MDW ORD STL
EFD, IAH
EGE, ATL DEN DFW EWR IAD IAH JFK LAX LGA MIA MSP ORD PHL PHX SFO SLC
EKO, SLC
ELM, ATL DTW ORD PGD PIE SFB
ELP, ATL AUS DAL DEN DFW HOU IAH LAS LAX OKC ORD PHX SAN SAT SFB SJC SLC
ENV, EKO
ERI, DTW ITH ORD
ESC, DTW MQT
EUG, AZA BOI DEN DFW LAS LAX OAK OKC ORD OTH PHX SAN SEA SFO SGU SLC TUS
EVV, ATL CLT DFW DTW ORD SFB VPS
EWN, ATL CLT
EWR, ALB ANC ATL AUS AVL AVP BDL BGR BNA BOS BQN BTV BUF BWI BZN CAK CHA CHS CLE CLT CMH CVG DAY DCA DEN DFW DSM DTW EGE EYW FLL FNT FWA GRR GSO GSP HDN HHH HNL HOU IAD IAH IND JAC JAX JFK LAS LAX LEX MCI MCO MDW MEM MHT MIA MKE MSN MSP MSY MTJ MYR OAK OKC OMA ORD ORF PBI PDX PHL PHX PIT PNS PSP PVD PWM RAP RDU RIC ROC RSW SAN SAT SAV SBN SDF SEA SFO SJC SJU SLC SMF SNA SRQ STL STT SYR TPA TUL TVC TYS VPS XNA
EYW, ATL CLT DCA DFW EWR LGA MIA ORD PHL RSW
FAI, ANC DEN MSP ORD SCC SEA SFO
FAR, ATL AZA DEN DFW GFK JMS LAS LAX MSP ORD PHX SFB SLC
FAT, DEN DFW LAS LAX MRY ORD PDX PHX SAN SEA SFO SLC STS
FAY, ATL CLT
FCA, ATL AZA DEN DFW LAS LAX MSO MSP OAK ORD SFO SLC
FLG, DFW LAX PHX
FLL, ABE ACY ALB ATL AUS AVL BDL BHM BLV BNA BOS BQN BUF BWI CAK CHS CLE CLT CMH CVG DAL DCA DEN DFW DTW EWR FNT GRR GSO GSP HDN HOU HPN IAD IAG IAH IND ISP JAX JFK LAS LAX LBE LCK LEX LGA LGB MCI MCO MDW MEM MHT MKE MSP MSY MYR OKC ORD ORF ORH PBG PHL PHX PIT PVD RDU RIC RSW SAN SAT SDF SEA SFO SJU SLC STL STT STX SWF SYR TPA TTN TYS USA
FLO, CLT
FNT, ATL BWI CLT EWR FLL LAS MCO MDW MSP MYR ORD PGD PIE RSW SFB SRQ TPA
FSD, ATL AZA DEN DFW DVL LAR LAS LAX LNK MSP ORD PGD PHX PIE SFB
FSM, ATL DFW
FWA, ATL AZA BNA CLT DFW DTW EWR MSP MYR ORD PGD PIE SFB SRQ
GCC, CPR DEN RAP RKS SLC
GCK, DFW HYS
GEG, ANC BOI BZN DEN DFW LAS LAX LWS MDW MHK MSP OAK ORD PDX PHX SAN SEA SFO SJC SLC SMF
GFK, AZA ISN LAS MSP SFB
GGG, DFW
GJT, ASE ATL AZA DEN DFW IAH LAS LAX ORD PHX SFO SLC
GNV, ATL CLT DFW MIA
GPT, ATL CLT DFW IAH SFB VPS
GRB, ATL ATW CMX DEN DTW IAD MCO MQT MSP MSY ORD
GRI, AZA DFW LAS
GRK, ATL DFW IAH MEI
GRR, ATL AZA AZO BNA BWI CLT CVG DCA DEN DFW DTW EWR FLL FNT IAD IAH JAX LAS LGA MCO MDW MIA MSP MSY ORD PGD PHL PHX PIE RSW SAV SFB SRQ STL TPA
GSO, ATL CLT CRW DCA DEN DFW DTW EWR FLL IAD IAH LGA MCO MIA ORD PHL PIE ROA SFB TPA
GSP, ATL BOS BWI CLT DAL DCA DEN DFW DTW EWR FLL FWA HOU IAD IAH LAS LGA MCO MDW MIA ORD PGD PHL PIE RIC SFB SFO SJC TPA
GST, JNU
GTF, AZA BZN DEN LAS MSP ORD SEA SLC
GTR, ATL
GUC, DEN DFW IAH ORD
GUM, HNL SPN
HDN, ATL BOS DEN DFW EWR FLL IAD IAH LAX LGB MSP ORD SAN SEA SFO
HGR, MYR PIE SFB
HHH, ATL CLT DCA EWR IAD LGA ORD
HIB, DLH INL MSP
HLN, BTM BZN DEN GTF MSP SLC
HNL, ANC ATL BLI BOS DEN DFW DTW EWR GUM IAD IAH ITO JFK KOA LAS LAX LGB LIH MSP OAK OGG ORD PDX PHX PPG SAN SEA SFO SJC SLC SMF
HOB, DEN IAH
HOU, ABQ AMA ATL AUS BHM BNA BOS BUR BWI CHS CLT CMH CRP DAL DCA DEN DFW ECP ELP EWR FLL GSP HOB HRL IND JAX JFK LAS LAX LBB LGA MAF MCI MCO MDW MEM MIA MKE MSY OAK OKC OMA PDX PHL PHX PIT PNS PVD RDU RSW SAN SAT SDF SEA SJC SJU SLC SMF SNA STL TPA TUL TUS
HPN, ACK ATL CLT DCA DTW FLL MCO ORD PBI RSW TPA
HRL, AUS DAL DEN DFW HOU IAH MSP ORD
HSV, ATL CLT DCA DEN DFW DTW IAD IAH MCO ORD SHV
HTS, CLT MYR PGD PIE SFB VPS
HVN, CLT PHL
HYA, JFK
HYS, DEN LNK SLN
IAD, ALB ATL AUS AVL AVP BDL BNA BOS BTV BUF CAE CHA CHO CHS CKB CLE CLT CMH COS CVG DAY DEN DFW DTW EGE EWR FLL GRR GSO GSP HDN HHH HNL HSV IAH ILM IND JAC JAX JFK LAS LAX LEX LGA LWB MCI MCO MDT MDW MEM MHT MIA MSN MSP MSY OGS OKC ORD ORF PBG PBI PDX PHL PHX PIT PVD PWM RDU RIC ROA ROC RSW SAN SAT SAV SCE SDF SEA SFO SHD SJU SLC SMF SRQ STL STT SYR TPA TTN TUL TVC TYS UST
IAG, FLL MCO MYR PGD PIE SAV SFB
IAH, ABQ AEX AGS AMA ANC ASE ATL AUS BDL BFL BHM BNA BOI BOS BPT BRO BTR BWI BZN CAE CAK CHS CLE CLL CLT CMH COS CRP CRW CVG DAL DAY DCA DEN DFW DRO DSM DTW ECP EGE ELP EWR FLL GJT GPT GRK GRR GSO GSP GUC HDN HNL HOB HRL HSV IAD ICT IND ISN JAC JAN JAX JFK LAS LAX LBB LCH LEX LFT LGA LIT LRD MAF MCI MCO MEM MFE MIA MKE MLU MOB MSN MSP MSY MTJ MYR OAK OKC OMA ONT ORD ORF PBI PDX PHL PHX PIA PIT PNS PSP RAP RDU RIC RNO RSW SAN SAT SAV SDF SEA SFO SGF SHV SJC SJU SLC SMF SNA STL STT TPA TUL TUS TYR TYS VPS XNA
ICT, ATL AZA DAL DAY DEN DFW HYS IAH LAS LAX MDW MHK MSP ORD PHX SEA SFB STL VPS
IDA, AZA DEN LAS LAX MSP OAK SLC
IFP, PHX
ILG, MCO TPA
ILM, ATL CLT DCA DFW IAD LGA ORD PHL
IMT, DTW MSP RHI
IND, ATL AUS AZA BOS BWI CHS CLT DAL DCA DEN DFW DTW EWR FLL HOU IAD IAH JAX JFK LAS LAX LGA MCI MCO MDW MIA MSP MSY MYR OAK ORD PBI PGD PHL PHX PIE RDU RSW SAN SAV SEA SFB SFO SLC SRQ TPA TTN TUS VPS XNA
INL, BRD HIB MSP
ISN, BIL DEN IAH MSP
ISP, ATL BWI DTW FLL MCO MIA MSP MSY MYR ORD PBI RDU RSW SJU TPA
ITH, CLT DTW
ITO, HNL LAX OGG
JAC, ATL DEN DFW EWR IAD IAH JFK LAX LGA MSP ORD PHX SEA SFO SLC
JAN, ATL CLT DCA DEN DFW HOB IAH MCO ORD PIA
JAX, ATL AUS BLV BNA BOS BUF BWI CLE CLT CVG DAL DCA DEN DFW DTW EWR FLL GNV GRR HOU IAD IAH IND JFK LAS LCK LGA MCI MCO MDW MIA MKE MSP ORD ORF PHL PIT RDU SAT SDF STL TPA TTN
JFK, ABQ ACK ATL AUS BGR BNA BOS BQN BTV BUF BUR BWI CHS CLE CLT CMH CVG DAB DCA DEN DFW DTW EGE FLL HNL HOU HYA IAD IAH IND JAC JAX LAS LAX LGB MCO MIA MSP MSY MVY OAK ONT ORD ORF ORH PBI PDX PHL PHX PIT PSE PSP PWM RDU RIC RNO ROC RSW SAN SAT SAV SEA SFO SJC SJU SLC SMF SNA SRQ STT SYR TPA TUS
JLN, DFW ORD
JMS, DEN DVL
JNU, ANC FAI GST KTN PSG SEA SIT YAK
KOA, ANC BLI DEN DFW HNL LAX LIH OAK OGG PDX PHX SAN SEA SFO SJC SMF
KTN, JNU SEA SIT WRG
LAN, ATL AZO DCA DTW MBS MSP ORD PLN
LAR, DEN
LAS, ABQ ALB AMA ANC ATL ATW AUS AZA BDL BHM BIL BIS BLI BLV BNA BOI BOS BUF BUR BWI BZN CAK CID CLE CLT CMH COS CPR CVG DAL DCA DEN DFW DSM DTW ELP EUG EWR FAR FAT FCA FLL FNT FSD GEG GFK GJT GRI GRR GSP GTF HNL HOU IAD IAH ICT IDA IND JAX JFK LAX LBB LBE LGB LIT LRD MAF MCI MCO MDW MEM MFE MFR MHK MHT MIA MKE MLI MOT MRY MSN MSO MSP MSY OAK OGD OGG OKC OMA ONT ORD ORF PDX PHL PHX PIA PIT PSC RAP RDM RDU RFD RNO RSW SAN SAT SBN SCK SDF SEA SFO SGF SHV SJC SLC SMF SMX SNA STL TPA TUL TUS TYS XNA
LAW, DFW
LAX, ABQ ACV ANC ASE ATL AUS BDL BIL BLI BNA BOI BOS BUF BWI BZN CID CLD CLE CLT CMH COS CVG DAL DCA DEN DFW DRO DSM DTW EGE ELP EUG EWR FAR FAT FCA FLG FLL FSD GEG GJT HDN HNL HOU IAD IAH ICT IDA IND ITO JAC JFK KOA LAS LEX LIH LIT LWS MCI MCO MDW MEM MFE MFR MIA MKE MMH MRY MSN MSO MSP MSY MTJ OAK OGD OGG OKC OMA ORD PBI PDX PHL PHX PIT PRC PSC PSP PVU RAP RDD RDM RDU RNO SAF SAN SAT SBA SBN SBP SCK SDF SEA SFO SGF SGU SJC SLC SMF SMX SNA STL STS SUN SWO TPA TUL TUS XNA
LBB, AMA AUS DAL DEN DFW HOU IAH LAS PHX SAF
LBE, FLL LAS MCO MYR ORD RSW TPA
LBF, DEN
LBL, DEN PUB
LCH, DFW IAH
LCK, AUS CHS FLL JAX MSY MYR PGD PIE SAV SFB SRQ VPS
LEX, ATL CLT DCA DFW DTW EWR FLL IAD IAH LAX LGA MSP MYR ORD PGD PIE SAV SFB VPS
LFT, ATL BHM BTR DEN DFW IAH JAN MCO
LGA, ACK AGS ATL AVL BGR BHM BNA BOS BTV BUF BZN CAE CAK CHA CHO CHS CLE CLT CMH CVG DAB DAL DAY DCA DEN DFW DSM DTW EGE EYW FLL GRR GSO GSP HHH HOU IAD IAH ILM IND JAC JAX LAS LEX LIT MCI MCO MDW MEM MHT MIA MKE MSN MSP MSY MTJ MVY MYR OMA ORD ORF PBI PHL PHX PIT PWM RDU RIC ROA ROC RSW SAT SAV SBN SDF SRQ STL SYR TPA TVC TYS XNA
LGB, ANC AUS BOS BUF BZN DEN FLL HDN HNL JFK LAS MCO OAK PDX PHX RNO SEA SFO SJC SLC SMF
LIH, DEN DFW HNL KOA LAX OAK OGG PDX PHX SAN SEA SFO SJC
LIT, ATL BWI CLT DAL DCA DEN DFW DTW IAH LAS LAX LGA MCO MDW ORD PHX SFB STL VPS
LNK, ATL CMH DEN ICT MKE MSP ORD
LRD, DFW HRL IAH LAS
LSE, DTW MSP ORD
LWB, IAD ORD SHD
LWS, LAX SFO SLC
LYH, CLT
MAF, DAL DEN DFW HOU IAH LAS PHX
MBS, APN ATL DTW MSP ORD
MCI, ABQ ATL AUS AZA BNA BOS BWI CLT CVG DAL DCA DEN DFW DLH DSM DTW ECP EWR FLL HOU IAD IAH IND JAX LAS LAX LGA LNK MCO MDW MIA MKE MSP MSY MYR OAK OMA ORD PDX PGD PHL PHX PIE PNS RDU RSW SAN SAT SEA SFB SFO SLC SNA STL TPA VPS
MCO, ABQ ACY ALB ATL AUS AVL BDL BHM BMI BNA BOS BQN BTV BUF BWI CAK CID CLE CLT CMH COS CVG DAL DAY DCA DEN DFW DSM DTW EWR FLL FNT GRB GRR GSO GSP HOU HPN HSV IAD IAG IAH ILG IND ISP JAN JFK LAS LAX LBE LFT LGA LIT MCI MDT MDW MEM MHT MIA MKE MSN MSP MSY MYR OAK OKC OMA ONT ORD ORF ORH PBG PDX PHL PHX PIT PSE PSM PVD PWM RDU RIC ROC SAN SAT SDF SEA SFO SJC SJU SLC SMF STL STT SWF SYR TTN TUL TYS
MDT, ATL BNA CLT DEN DFW DTW HPN IAD MCO MYR ORD PGD PHL PIE RDU SFB SRQ
MDW, ABQ ALB ATL AUS BDL BHM BNA BOI BOS BUF BUR BWI CHS CLE CLT CMH CVG DAL DAY DCA DEN DSM DTW ECP EWR FLL FNT GEG GRR GSP HOU IAD ICT IND JAX LAS LAX LGA LIT MCI MCO MEM MHT MSP MSY OAK OKC OMA ONT ORF PBI PDX PHL PHX PIT PNS PVD PWM RDU RNO ROC RSW SAN SAT SDF SEA SFO SJC SJU SLC SMF SNA STL TPA TTN TUL TUS
MEI, DFW ORD PIB
MEM, ATL AUS AZA BWI CLT CVG DAL DCA DEN DFW DTW EWR FLL HOU IAD IAH LAS LAX LGA MCO MDW MIA MSP OAK ORD PGD PHL PHX PIE SAT SFB SLC TPA VPS
MFE, AZA BRO DFW IAH LAS LAX SFB
MFR, ACV AZA DEN LAS LAX PHX SEA SFO SLC
MGM, ATL CLT DCA DFW
MHK, BNA DFW GEG LAS ORD
MHT, ATL BTV BWI CLT DCA DTW EWR FLL IAD LAS LGA MCO MDW ORD PHL PHX TPA
MIA, AGS ATL AUS BDL BHM BNA BOS BUF BWI CAE CHS CLE CLT CMH CVG DCA DEN DFW DTW EGE EWR EYW GNV GRR GSO GSP HOU IAD IAH IND ISP JAX JFK LAS LAX LGA MCI MCO MEM MKE MSP MSY OKC OMA ORD ORF PBI PHL PHX PIT PNS PVD RDU RIC RSW SAN SAT SAV SDF SEA SFO SJU SLC STL STT STX TLH TPA TTN TUL TYS XNA
MKE, ATL ATW AUS AZA BNA BOS BWI CLE CLT CMX CVG DAL DCA DEN DFW DTW ESC EWR FLL FNT HOU IAH JAX LAS LAX LGA MCI MCO MIA MSP MSY ORD PDX PGD PHL PHX PIE RDU RSW SAN SEA SFB SFO SLC STL TPA TTN
MKG, ORD
MLB, ATL CLT DCA DTW PHL
MLI, ATL AZA DEN DFW DTW LAS MSP ORD PGD PIE SFB
MLU, ATL DFW IAH
MMH, DEN LAX SFO
MOB, ATL CLT DFW IAH ORD
MOT, ABR AZA DEN JMS LAS MSP
MQT, CMX DTW ESC MSP ORD
MRY, DEN DFW LAS LAX PHX SAN SFO
MSN, ATL BNA BOS CID CLE CLT CMH CVG CWA DCA DEN DFW DTW EWR IAD IAH LAS LAX LGA MCO MSP ORD PHL PHX RDU SAN SEA SFO SLC STL
MSO, ATL AZA BTM BZN DEN DFW LAS LAX MSP OAK ORD SEA SFO SLC
MSP, ABQ ABR ALB ANC ASE ATL ATW AUS AZO BDL BIL BIS BJI BMI BNA BOI BOS BRD BUF BWI BZN CHA CHS CID CIU CLE CLT CMH COS CVG CWA DAL DAY DCA DEN DFW DIK DLH DSM DTW EGE EWR FAI FAR FCA FLL FNT FSD FWA GEG GFK GRB GRR GTF HDN HIB HLN HNL HRL IAD IAH ICT IDA IMT IND INL ISN ISP JAC JAX JFK LAN LAS LAX LEX LGA LNK LSE MBS MCI MCO MDW MEM MIA MKE MLI MOT MQT MSN MSO MSY MYR OAK OKC OMA ORD ORF PBI PDX PHL PHX PIA PIT PLN PSC PSP PVD RAP RDU RHI RIC RNO ROC RST RSW SAN SAT SAV SBN SDF SEA SFO SJC SJU SLC SMF SNA STL SYR TPA TTN TUL TUS TVC TYS XNA XWA
MSY, ACY ATL AUS BNA BOS BWI CLE CLT CMH CVG DAL DCA DEN DFW DTW EWR FLL GRR HOU IAD IAH IND ISP JFK LAS LAX LCK LGA MCI MCO MDW MIA MKE MSP OAK ORD PHL PHX PIE PIT PVD RDU SAN SAT SDF SEA SFB SFO SJC SLC SMF STL TPA USA
MTJ, ATL CLT DEN DFW EWR GJT IAH LAX LGA ORD PHX SFO SLC
MVY, BOS DCA JFK LGA
MYR, ABE ACY ALB ATL BDL BLV BNA BOS BWI CAK CKB CLE CLT CMH CRW CVG DAY DCA DEN DFW DTW EWR FLL FNT FWA HGR HTS IAG IAH IND ISP LBE LCK LEX LGA MCI MCO MDT MSP ORD PBG PHL PIT PSM PVD SDF SWF SYR TTN
OAJ, ATL CLT
OAK, ABQ ATL AUS AZA BLI BNA BOI BOS BUR BWI CLT CMH DAL DEN DFW DTW EUG EWR FCA FLL GEG HNL HOU IAH IDA IND JFK KOA LAS LAX LGB LIH MCI MCO MDW MEM MSO MSP MSY OGG ONT ORD PDX PHX PSP PVU RNO SAN SAT SEA SLC SNA STL TUS
OGD, AZA LAS LAX
OGG, ANC BLI DEN DFW HNL ITO KOA LAS LAX LIH OAK ORD PDX PHX SAN SEA SFO SJC SLC SMF
OGS, IAD ORD PIE SFB
OKC, ASE ATL BNA BWI CLT CMH DAL DCA DEN DFW DSM DTW EWR FLL FNL HOU IAD IAH LAS LAX MCO MDW MIA MSP ORD PHL PHX SAN SAT SEA SFB SFO SJC SLC STL VPS
OMA, ATL AUS AZA BNA CLL CLT DAL DCA DEN DFW DTW EWR HOU IAH LAS LAX LGA MCO MDW MIA MSP ORD PDX PGD PHL PHX PIE RSW SAN SAT SEA SFB SFO SLC STL TPA VPS
OME, ANC FAI OTZ
ONT, ATL AUS DAL DEN DFW IAH JFK LAS LAX LGB MCO MDW OAK ORD PDX PHX PSP SAT SEA SFO SJC SLC SMF
ORD, ABE ABQ ACY AGS ALB ALO ANC ASE ATL ATW ATY AUS AVL AVP AZO BDL BFM BGR BHM BIL BIS BKG BMI BNA BOI BOS BRO BTV BUF BWI BZN CAE CAK CGI CHA CHO CHS CID CKB CLE CLT CMH CMI CMX COD COS COU CRW CVG CWA DAY DBQ DCA DEN DFW DLH DRO DSM DTW EAR EAU ECP EGE ELM ELP ERI EUG EVV EWR EYW FAI FAR FAT FCA FLL FNT FSD FWA GEG GJT GRB GRR GSO GSP GTF GUC HDN HHH HNL HPN HRL HSV IAD IAH ICT ILM IND ISP JAC JAN JAX JFK JLN LAN LAS LAX LBE LEX LFT LGA LIT LNK LSE LWB MBS MCI MCO MDT MEI MEM MHK MHT MIA MKE MKG MLI MOB MQT MSN MSO MSP MSY MTJ MYR OAK OGG OGS OKC OMA ONT ORF PAH PBI PDX PGD PHL PHX PIA PIT PNS PSP PVD PWM RAP RDM RDU RIC RNO ROA ROC RST RSW SAN SAT SAV SBN SCE SDF SEA SFO SGF SHD SJC SJU SLC SLN SMF SNA SPI SRQ STC STL STT SUN SUX SYR TOL TPA TTN TUL TUS TVC TYS UIN UST VPS XNA
ORF, ATL BNA BOS BWI CLE CLT CVG DCA DEN DFW DTW EWR FLL IAD IAH JAX JFK LAS LGA MCO MDW MIA MSP ORD PGD PHL PHX PIE RIC SAN SFB TPA
ORH, DTW FLL JFK MCO PBI
OTH, DEN SFO
OTZ, ANC OME
OWB, SFB
PAE, DEN SFO
PAH, CGI ORD
PBG, FLL IAD MCO MYR PGD PIE SFB
PBI, ACY ATL AVL BDL BOS BWI CLE CLT CMH CVG DAL DCA DEN DFW DTW EWR HPN IAD IAH IND ISP JFK LAX LGA MDW MSP ORD PHL PIT PVD RDU STL TTN TYS USA
PDX, ABQ ANC ATL AUS BIL BLI BOI BOS BUR BWI BZN CLE CLT DAL DCA DEN DFW DTW EWR FAT GEG HNL HOU IAD IAH JFK KOA LAS LAX LGB LIH MCI MCO MDW MKE MSP OAK OGG OKC OMA ONT ORD PHL PHX PSP RDM RNO SAN SBA SEA SFO SJC SLC SMF SNA STL STS TUS
PGD, ABE ALB ATW AVL BLV BNA CHS CID CLE CVG DAY DSM ELM FNT FSD FWA GRR GSP HTS IAG IND LCK LEX MCI MDT MEM MKE MLI OMA ORD ORF PBG PHL PIA PIT PSM PVD RDU RFD ROC SBN SDF SGF SPI STC SWF SYR TOL TTN TVC TYS USA
PGV, CLT
PHF, ATL CLT DEN PHL
PHL, ABE AGS ALB ART ATL AUS AVL AVP BDL BGR BHM BNA BOS BTV BUF BWI CAE CAK CHA CHS CLE CLT CMH CRW CVG DAL DAY DCA DEN DFW DSM DTW EGE EYW FLL GRR GSO GSP HOU HVN IAD IAH ILM IND ISP JAX JFK LAS LAX LGA MCI MCO MDT MDW MEM MHT MIA MKE MLB MSN MSP MSY MYR OKC OMA ORD ORF PBI PDX PGD PHF PHX PIT PNS PVD PWM RDU RIC ROC RSW SAN SAT SAV SDF SEA SFO SJU SLC SMF SRQ STL STT SYR TPA TYS UST XNA
PHX, ABQ AMA ANC ASE ATL AUS BFL BHM BNA BOI BOS BUF BUR BWI CID CLE CLT CMH COS CVG DAL DCA DEN DFW DRO DSM DTW EGE ELP EUG EWR FAR FAT FLG FLL FSD GEG GJT GRR HNL HOU IAD IAH ICT IFP IND JAC JFK KOA LAS LAX LBB LGA LGB LIH LIT MAF MCI MCO MDW MEM MFR MHT MIA MKE MRY MSN MSP MSY MTJ OAK OGG OKC OMA ONT ORD ORF PDX PHL PIT PSP RAP RDM RDU RNO ROW RSW SAF SAN SAT SBA SBP SDF SEA SFO SGU SJC SLC SMF SNA STL STS TPA TUL TUS YUM
PIA, ATL AZA CLT DEN DFW DTW IAH LAS MSP ORD PGD PIE SFB VPS
PIB, DFW MEI
PIE, ABE ALB ATW AUS AVL AVP AZA BGR BLV BMI BNA CHA CID CLE CVG DAY DSM ELM FNT FSD FWA GRR GSO GSP HGR HTS IAG IND LCK LEX MCI MDT MEM MKE MLI MSY OGS OMA ORF PBG PIA PIT PVD RDU RFD RIC ROA SBN SCE SDF SGF SWF SYR TOL TRI TTN TUL TVC TYS USA YNG
PIH, MSO SLC
PIR, ATY DEN
PIT, ATL AUS BNA BOS BWI CHS CLE CLT CRW CVG DAL DCA DEN DFW DTW EWR FLL HOU IAD IAH JAX JFK LAS LAX LGA MCO MDW MIA MSP MSY MYR ORD PBI PGD PHL PHX PIE RDU RSW SAN SAV SEA SFB SFO SJU SLC SRQ STL TPA TYS VPS
PLN, APN CIU DTW MSP
PNS, ATL AUS BNA CLL CLT DAL DCA DEN DFW ECP EWR HOU IAH MCI MDW MIA ORD PHL STL
PPG, HNL
PRC, DEN LAX
PSC, AZA BLI DEN LAS LAX LWS MSP SEA SFO SLC
PSE, JFK MCO
PSG, JNU WRG
PSM, MCO MYR PGD SAV SFB
PSP, ATL BLI BOS BUR DEN DFW EWR IAH JFK LAX MSP ORD PDX PHX SEA SFO SLC
PUB, DEN LBL
PVD, ATL AUS BWI CLT CVG DCA DEN DTW ERI EWR FLL HOU IAD MCO MDW MIA MSP MSY MYR ORD PBI PGD PHL PIE RDU RSW SAV TPA
PVU, AZA LAX OAK SAN TUS
PWM, ATL BWI CLT DCA DEN DTW EWR IAD JFK LGA MCO MDW ORD PHL RDU RSW TPA
RAP, ATL AZA CLT DEN DFW EWR IAH JMS LAS LAX MSP ORD PHX SFO SLC
RDD, ACV LAX SFO
RDM, AZA DEN EUG LAS LAX MFR ORD PHX SEA SFO SLC
RDU, ALB ATL AUS BDL BNA BOS BUF BWI CLE CLT CMH CVG DAL DCA DEN DFW DTW EWR FLL HOU IAD IAH IND ISP JAX JFK LAS LAX LGA MCI MCO MDT MDW MIA MKE MSN MSP MSY ORD PBI PGD PHF PHL PHX PIE PIT PVD PWM RSW SAN SAT SBN SEA SFB SFO SJC SJU SLC STL SYR TPA TTN VPS
RFD, AZA LAS PGD PIE SFB SRQ VPS
RHI, IMT MSP
RIC, ATL BNA BOS CAE CHO CLT CVG DEN DFW DTW EWR FLL IAD IAH JFK LGA MCO MIA MSP ORD PHL PIE SFB SRQ TPA
RKS, DEN GCC SLC
RNO, ATL AUS BOI DAL DEN DFW EWR IAH JFK LAS LAX LGB MDW MSP OAK ORD PDX PHX SAN SEA SFO SJC SLC
ROA, ATL CLT IAD LGA ORD PIE SFB
ROC, ATL BOS BWI CLT DCA DTW EWR IAD ITH JFK LGA MCO MDW MSP ORD PGD PHL RSW SFB TPA
ROW, DFW PHX
RST, ATL CLE DTW MSP ORD
RSW, ACY ALB ATL BDL BNA BOS BUF BWI CAK CLE CLT CMH COS CVG DAL DCA DEN DFW DTW EWR FNT GRR HOU HPN IAD IAH IND ISP JFK LAS LBE LGA MCI MDW MIA MKE MSP OMA ORD PHL PHX PIT PVD PWM RDU ROC SLC STL SYR TTN
SAF, DEN DFW LAX PHX
SAN, ABQ ATL AUS BLI BNA BOI BOS BWI CLE CLT COS CVG DAL DEN DFW DTW ELP EUG EWR FAT FLL GEG HDN HNL HOU IAD IAH IND JFK KOA LAS LAX LIH MCI MCO MDW MIA MKE MRY MSN MSP MSY OAK OGG OKC OMA ORD ORF PDX PHL PHX PIT PVU RDU RNO SAT SCK SEA SFO SJC SLC SMF STL STS TPA TUL TUS
SAT, ABQ ATL BNA BWI CLE CLT CMH COS CVG DAL DEN DFW DTW ELP EWR FLL HOU IAD IAH JAX JFK LAS LAX LGA LRD MCI MCO MDW MEM MIA MSP MSY OAK OKC OMA ONT ORD PHL PHX RDU SAN SEA SFB SFO SJC SLC SNA STL TPA TUL
SAV, ABE ALB ATL BNA BOS BQK BWI CLE CLT CVG DCA DEN DFW DTW EWR GRR HTS IAD IAG IAH IND JFK LCK LEX LGA MIA MSP ORD PHL PIT PSM PVD SDF
SBA, DEN DFW LAX PDX PHX SEA SFO SLC
SBN, ATL AZA BOS CLT COS CVG DCA DFW DTW EWR IAH LAS LAX LGA MSP ORD PGD PIE RDU SFB SRQ
SBP, DEN DFW LAX PHX SEA SFO
SCC, ANC BRW
SCE, ATL CID DTW IAD ORD PIE SFB
SCK, AZA LAS LAX SAN
SDF, ATL AUS AZA BOS BWI CLT DAL DCA DEN DFW DTW EWR FLL HOU IAD IAH JAX LAS LAX LGA MCO MDW MIA MSP MSY MYR ORD PGD PHL PHX PIE SAV SFB SFO SRQ TPA TXK VPS
SEA, ABQ ANC ATL AUS BIL BLI BNA BOI BOS BUR BWI BZN CHS CLE CLT CMH COS CVG DAL DCA DEN DFW DTW EUG EWR FAI FAT FLL GEG GTF HDN HNL HOU IAD IAH ICT IND JAC JFK JNU KOA KTN LAS LAX LGB LIH LWS MCI MCO MDW MFR MIA MKE MSN MSO MSP MSY OAK OGG OKC OMA ONT ORD PDX PHL PHX PIT PSC PSP RDM RDU RNO SAN SAT SBA SBP SFO SIT SJC SLC SMF SNA STL STS SUN TPA TUS
SFB, ABE ALB ATW AUS AVL AVP BGR BIS BLV BMI BNA CHA CID CKB CLE CVG DAY DSM ELM ELP EVV FAR FNT FSD FWA GFK GPT GRR GSO GSP HGR HTS IAG ICT IND LCK LEX LIT MCI MDT MEM MFE MKE MLI MSY OGS OKC OMA ORF OWB PBG PIA PIT PSM RDU RFD RIC ROA ROC SAT SBN SCE SDF SGF SHV SJU SPI SWF SYR TOL TRI TTN TUL TVC TYS USA XNA YNG
SFO, ABQ ACV ANC ASE ATL AUS BDL BFL BHM BNA BOI BOS BUR BWI BZN CEC CLE CLT CMH COS CVG DAL DCA DEN DFW DSM DTW EGE EUG EWR FAI FAT FCA FLL GEG GRB GSP HDN HNL IAD IAH IND JAC JFK KOA LAS LAX LGB LIH MCI MCO MDW MFR MIA MKE MMH MRY MSN MSO MSP MSY MTJ OGG OKC OMA ONT ORD OTH PAE PDX PHL PHX PIT PSC PSP RAP RDD RDM RDU RNO SAN SAT SBA SBP SDF SEA SJC SLC SMF SMX SNA STL STS SUN TPA TUS XNA
SGF, ATL AZA CLT DEN DFW HYS IAH LAS LAX ORD PGD PIE SFB VPS
SGU, AZA DEN DFW LAX PHX SLC
SHD, IAD LWB ORD
SHV, ATL CLT DEN DFW IAH LAS MSP SFB SPS VPS
SIT, ANC JNU KTN SEA
SJC, ABQ ATL AUS BHM BNA BOI BOS BUR BWI CLT CVG DAL DEN DFW DTW ELP EUG EWR GEG GSP HNL HOU IAH JFK KOA LAS LAX LGB LIH LWS MCI MCO MDW MRY MSP MSY OGG ONT ORD PDX PHX PSP RDU RNO SAN SAT SEA SLC SNA STL TUL TUS
SJT, DFW
SJU, ATL BDL BOS BWI CLE CLT CVG DCA DFW DTW EWR FLL HOU IAD IAH ISP JFK MCO MDW MIA MSP ORD PHL PIT RDU SFB STT STX TPA
SLC, ABQ ANC ASE ATL AUS BIL BNA BOI BOS BTM BUR BWI BZN CDC CLE CLT CMH CNY COD COS CPR CVG DAL DCA DEN DFW DSM DTW EGE EKO ELP EUG EWR FAR FAT FCA FLL GCC GEG GJT GTF HLN HNL HOU IAD IAH IDA IND JAC JFK LAS LAX LGB LWS MCI MCO MDW MEM MFR MIA MKE MSN MSO MSP MSY MTJ OAK OGG OKC OMA ONT ORD PDX PHL PHX PIH PIT PSC PSP RAP RDM RDU RKS RNO RSW SAN SAT SBA SEA SFO SGU SJC SMF SNA STL SUN TPA TUL TUS TWF VEL WYS XNA
SLN, HYS ORD
SMF, ATL AUS BNA BOI BOS BUR BWI CLT DAL DEN DFW DTW EWR GEG HNL HOU IAD IAH JFK KOA LAS LAX LGB MCO MDW MSP MSY OGG ONT ORD PDX PHL PHX RDM RNO SAN SEA SFO SLC SNA STL
SMX, LAS LAX SFO
SNA, ABQ ATL AUS DAL DEN DFW DTW EWR HOU IAH JFK LAS MCI MDW MSP OAK ORD PDX PHX SAT SEA SFO SJC SLC SMF STL
SPI, DFW ORD PGD SFB
SPN, GUM
SPS, DFW
SRQ, ATL AVL BLV BNA BOS BWI CLE CLT CVG DCA DEN DFW DSM DTW EWR FNT FWA GRR IAD IND JFK LCK LGA MDT ORD PHL PIT RFD RIC SBN SDF SYR TTN TYS
STC, AZA ORD PGD
STL, ATL AUS BDL BNA BOS BWI CHS CLE CLT CMH CVG DAL DCA DEN DFW DSM DTW ECP EWR FLL GRR HOU IAD IAH ICT JAX LAS LAX LGA LIT MCI MCO MDW MIA MKE MSN MSP MSY OAK OKC OMA ORD PAH PBI PDX PHL PHX PIA PIT PNS RDU RSW SAN SAT SEA SFO SJC SLC SMF SNA TPA TTN TUL UIN
STS, DEN DFW LAX PDX PHX SAN SEA SFO
STT, ATL BOS CLT DFW EWR FLL IAD IAH JFK MCO MIA ORD PHL SJU
STX, ATL CLT FLL MIA SJU
SUN, DEN LAX ORD SEA SFO SLC
SUX, DFW ORD
SWF, BOS DTW FLL LGA MCO MYR PBI PGD PIE RSW SFB TPA
SWO, DFW LAX
SYR, ATL AVP BNA BOS CLT DCA DEN DTW EWR FLL IAD ITH JFK LGA MCO MSP MYR ORD PGD PHL PIE RDU RSW SFB SRQ TPA
TKI, TXK
TLH, ATL CLT DCA DFW ECP MIA VLD
TOL, CLT ORD PGD PIE SFB VPS
TPA, ACY ALB ATL AUS AVL BDL BHM BNA BOS BUF BWI CAK CLE CLT CMH COS CVG DAL DAY DCA DEN DFW DTW EWR FLL FNT GRR GSO GSP HOU HPN IAD IAH ILG IND ISP JFK LAS LAX LBE LGA MCI MCO MDW MEM MHT MIA MKE MSP MSY OMA ORD ORF PHL PHX PIT PVD PWM RDU RIC ROC SAN SAT SDF SEA SFO SJU SLC STL SYR TTN
TRI, ATL AVL CLT DFW PIE SFB
TTN, ATL BNA CHS CLT CVG DTW FLL IND JAX MCO MDW MIA MKE MSP MYR ORD PBI PGD PIE RDU RSW SFB SRQ STL TPA UST
TUL, ATL AUS BWI CLT DAL DEN DFW DTW EWR HOU IAD IAH LAS LAX MCO MDW MIA MSP OKC ORD PHX PIE ROW SAN SAT SFB SJC SLC STL VPS XNA
TUS, ATL BLI CLT DAL DEN DFW DTW HOU IAH IND JFK LAS LAX MDW MSP OAK ORD PDX PHX PVU SAN SEA SFO SJC SLC
TVC, ATL AZA CLT DEN DFW DTW EWR IAD IMT LGA MQT MSP ORD PGD PIE PLN SFB
TWF, DEN LAX ORD SEA SFO SLC SUN
TXK, DFW
TYR, DEN DFW IAH
TYS, ATL BNA BWI CLL CLT DCA DEN DFW DTW EWR FLL GSP IAD IAH LAS LEX LGA MCO MIA MSP ORD PBI PGD PHL PIE PIT SFB SRQ VPS
UIN, CGI ORD
USA, FLL MSY PBI PGD PIE SFB VPS
UST, IAD ORD PHL TTN
VEL, DEN SLC
VLD, ATL
VPS, ATL AUS BLV BNA BWI CLE CLT CVG DCA DEN DFW DSM EVV EWR HTS IAH ICT IND LCK LEX LIT MCI MEM OKC OMA ORD PIA PIT RDU RFD SDF SGF SHV SRQ TOL TUL TYS USA XNA
WRG, KTN PSG
WYS, SLC
XNA, ATL AZA BNA CLT CVG DCA DEN DFW EWR IAH IND LAS LAX LGA MIA MSP ORD PHL SFB SFO SLC TXK VPS
XWA, DEN MSP
YAK, CDV JNU
YNG, PIE SFB
YUM, DFW PHX
